run_dir,checkpoint_path,teammate_embed_dim,objective_hidden_dim,set_hidden_dim,fusion_hidden_dim,experiment_group,objective_num_layers,ff_expansion,num_set_blocks,dropout,label_smoothing,learning_rate,weight_decay,batch_size,label_mapping_enabled,best_epoch,stop_reason,val_accuracy,val_macro_f1,val_weighted_f1,test_accuracy,test_macro_f1,test_weighted_f1,best_val_loss,best_val_macro_f1_during_training
/home/cmantill/narrador-futbol/experiments/positions/grid_search_outputs/20260427_002133/runs/run_049_refine_run342_second_val_h256_objh256_te128_fu256_obj1_ff2_blocks5_drop0p27_ls0p05_lr0p0002_wd0p0015,/home/cmantill/narrador-futbol/experiments/positions/grid_search_outputs/20260427_002133/runs/run_049_refine_run342_second_val_h256_objh256_te128_fu256_obj1_ff2_blocks5_drop0p27_ls0p05_lr0p0002_wd0p0015/best_model.pt,128,256,256,256,refine_run342_second_val,1,2,5,0.27,0.05,0.0002,0.0015,512,True,2,early_stopping_val_macro_f1_patience_3,0.6333161802543557,0.6068425603623372,0.6357521094676396,0.5803972741771785,0.5588009820705024,0.5703387295553516,1.5278249382972717,0.6068425603623372
/home/cmantill/narrador-futbol/experiments/positions/grid_search_outputs/20260427_002133/runs/run_055_refine_run342_second_val_h256_objh256_te128_fu256_obj1_ff2_blocks5_drop0p27_ls0p05_lr0p0002_wd0p002,/home/cmantill/narrador-futbol/experiments/positions/grid_search_outputs/20260427_002133/runs/run_055_refine_run342_second_val_h256_objh256_te128_fu256_obj1_ff2_blocks5_drop0p27_ls0p05_lr0p0002_wd0p002/best_model.pt,128,256,256,256,refine_run342_second_val,1,2,5,0.27,0.05,0.0002,0.002,512,True,2,early_stopping_val_macro_f1_patience_3,0.6333161802543557,0.6068425603623372,0.6357521094676396,0.5803972741771785,0.5588009820705024,0.5703387295553516,1.5278308744783755,0.6068425603623372
/home/cmantill/narrador-futbol/experiments/positions/grid_search_outputs/20260427_002133/runs/run_050_refine_run342_second_val_h256_objh256_te128_fu256_obj1_ff2_blocks5_drop0p27_ls0p1_lr0p0002_wd0p0015,/home/cmantill/narrador-futbol/experiments/positions/grid_search_outputs/20260427_002133/runs/run_050_refine_run342_second_val_h256_objh256_te128_fu256_obj1_ff2_blocks5_drop0p27_ls0p1_lr0p0002_wd0p0015/best_model.pt,128,256,256,256,refine_run342_second_val,1,2,5,0.27,0.1,0.0002,0.0015,512,True,2,early_stopping_val_macro_f1_patience_3,0.6295670072778063,0.6026805207028363,0.6313663494974068,0.5809772364796288,0.5574974016022248,0.5697326872470286,1.632342532829002,0.6026805207028363
/home/cmantill/narrador-futbol/experiments/positions/grid_search_outputs/20260427_002133/runs/run_056_refine_run342_second_val_h256_objh256_te128_fu256_obj1_ff2_blocks5_drop0p27_ls0p1_lr0p0002_wd0p002,/home/cmantill/narrador-futbol/experiments/positions/grid_search_outputs/20260427_002133/runs/run_056_refine_run342_second_val_h256_objh256_te128_fu256_obj1_ff2_blocks5_drop0p27_ls0p1_lr0p0002_wd0p002/best_model.pt,128,256,256,256,refine_run342_second_val,1,2,5,0.27,0.1,0.0002,0.002,512,True,2,early_stopping_val_macro_f1_patience_3,0.6294934940821878,0.6026226148254289,0.6312992113561797,0.5809772364796288,0.5575034461103239,0.569728864169423,1.632346921496921,0.6026226148254289
/home/cmantill/narrador-futbol/experiments/positions/grid_search_outputs/20260427_002133/runs/run_052_refine_run342_second_val_h256_objh256_te128_fu256_obj1_ff2_blocks5_drop0p33_ls0p1_lr0p0002_wd0p0015,/home/cmantill/narrador-futbol/experiments/positions/grid_search_outputs/20260427_002133/runs/run_052_refine_run342_second_val_h256_objh256_te128_fu256_obj1_ff2_blocks5_drop0p33_ls0p1_lr0p0002_wd0p0015/best_model.pt,128,256,256,256,refine_run342_second_val,1,2,5,0.33,0.1,0.0002,0.0015,512,True,2,early_stopping_val_macro_f1_patience_3,0.624862162758215,0.5944160280302501,0.6231931220753689,0.5764825286356386,0.5547979278337521,0.5625329634874706,1.5854147319440488,0.5944160280302501
/home/cmantill/narrador-futbol/experiments/positions/grid_search_outputs/20260427_002133/runs/run_058_refine_run342_second_val_h256_objh256_te128_fu256_obj1_ff2_blocks5_drop0p33_ls0p1_lr0p0002_wd0p002,/home/cmantill/narrador-futbol/experiments/positions/grid_search_outputs/20260427_002133/runs/run_058_refine_run342_second_val_h256_objh256_te128_fu256_obj1_ff2_blocks5_drop0p33_ls0p1_lr0p0002_wd0p002/best_model.pt,128,256,256,256,refine_run342_second_val,1,2,5,0.33,0.1,0.0002,0.002,512,True,2,early_stopping_val_macro_f1_patience_3,0.624862162758215,0.5944160280302501,0.6231931220753689,0.5764825286356386,0.5547979278337521,0.5625329634874706,1.5854196283552382,0.5944160280302501
/home/cmantill/narrador-futbol/experiments/positions/grid_search_outputs/20260427_002133/runs/run_051_refine_run342_second_val_h256_objh256_te128_fu256_obj1_ff2_blocks5_drop0p33_ls0p05_lr0p0002_wd0p0015,/home/cmantill/narrador-futbol/experiments/positions/grid_search_outputs/20260427_002133/runs/run_051_refine_run342_second_val_h256_objh256_te128_fu256_obj1_ff2_blocks5_drop0p33_ls0p05_lr0p0002_wd0p0015/best_model.pt,128,256,256,256,refine_run342_second_val,1,2,5,0.33,0.05,0.0002,0.0015,512,True,2,early_stopping_val_macro_f1_patience_3,0.6204513710210983,0.5927783046505152,0.6208211367162305,0.5780049296795708,0.5570926300216474,0.5642259568838355,1.48763922629533,0.5927783046505152
/home/cmantill/narrador-futbol/experiments/positions/grid_search_outputs/20260427_002133/runs/run_057_refine_run342_second_val_h256_objh256_te128_fu256_obj1_ff2_blocks5_drop0p33_ls0p05_lr0p0002_wd0p002,/home/cmantill/narrador-futbol/experiments/positions/grid_search_outputs/20260427_002133/runs/run_057_refine_run342_second_val_h256_objh256_te128_fu256_obj1_ff2_blocks5_drop0p33_ls0p05_lr0p0002_wd0p002/best_model.pt,128,256,256,256,refine_run342_second_val,1,2,5,0.33,0.05,0.0002,0.002,512,True,2,early_stopping_val_macro_f1_patience_3,0.6204513710210983,0.5927783046505152,0.6208211367162305,0.5780049296795708,0.5570926300216474,0.5642259568838355,1.4876453479131062,0.5927783046505152
/home/cmantill/narrador-futbol/experiments/positions/grid_search_outputs/20260427_002133/runs/run_014_refine_run120_top_val_h128_objh128_te64_fu128_obj2_ff4_blocks5_drop0p27_ls0p1_lr0p0002_wd0p0015,/home/cmantill/narrador-futbol/experiments/positions/grid_search_outputs/20260427_002133/runs/run_014_refine_run120_top_val_h128_objh128_te64_fu128_obj2_ff4_blocks5_drop0p27_ls0p1_lr0p0002_wd0p0015/best_model.pt,64,128,128,128,refine_run120_top_val,2,4,5,0.27,0.1,0.0002,0.0015,512,True,4,early_stopping_val_loss_overfit_patience_3,0.6113357347643902,0.5884026636883468,0.6189479728165691,0.543859649122807,0.5066925049437301,0.5261794133542667,1.5773948563469782,0.5884026636883468
/home/cmantill/narrador-futbol/experiments/positions/grid_search_outputs/20260427_002133/runs/run_020_refine_run120_top_val_h128_objh128_te64_fu128_obj2_ff4_blocks5_drop0p27_ls0p1_lr0p0002_wd0p002,/home/cmantill/narrador-futbol/experiments/positions/grid_search_outputs/20260427_002133/runs/run_020_refine_run120_top_val_h128_objh128_te64_fu128_obj2_ff4_blocks5_drop0p27_ls0p1_lr0p0002_wd0p002/best_model.pt,64,128,128,128,refine_run120_top_val,2,4,5,0.27,0.1,0.0002,0.002,512,True,4,early_stopping_val_loss_overfit_patience_3,0.6113357347643902,0.5884026636883468,0.6189479728165691,0.543859649122807,0.5066925049437301,0.5261794133542667,1.5773799198645133,0.5884026636883468
/home/cmantill/narrador-futbol/experiments/positions/grid_search_outputs/20260427_002133/runs/run_060_refine_run342_second_val_h256_objh256_te128_fu256_obj1_ff2_blocks5_drop0p35_ls0p1_lr0p0002_wd0p002,/home/cmantill/narrador-futbol/experiments/positions/grid_search_outputs/20260427_002133/runs/run_060_refine_run342_second_val_h256_objh256_te128_fu256_obj1_ff2_blocks5_drop0p35_ls0p1_lr0p0002_wd0p002/best_model.pt,128,256,256,256,refine_run342_second_val,1,2,5,0.35,0.1,0.0002,0.002,512,True,2,early_stopping_val_macro_f1_patience_3,0.6169227376314048,0.5850412257306634,0.6145721788677952,0.5818471799333044,0.5558495130488886,0.5674646641322291,1.591168063658255,0.5850412257306634
/home/cmantill/narrador-futbol/experiments/positions/grid_search_outputs/20260427_002133/runs/run_054_refine_run342_second_val_h256_objh256_te128_fu256_obj1_ff2_blocks5_drop0p35_ls0p1_lr0p0002_wd0p0015,/home/cmantill/narrador-futbol/experiments/positions/grid_search_outputs/20260427_002133/runs/run_054_refine_run342_second_val_h256_objh256_te128_fu256_obj1_ff2_blocks5_drop0p35_ls0p1_lr0p0002_wd0p0015/best_model.pt,128,256,256,256,refine_run342_second_val,1,2,5,0.35,0.1,0.0002,0.0015,512,True,2,early_stopping_val_macro_f1_patience_3,0.6169227376314048,0.5850388637369526,0.6145921197345225,0.5818471799333044,0.5558495130488886,0.5674646641322291,1.5911586770304926,0.5850388637369526
/home/cmantill/narrador-futbol/experiments/positions/grid_search_outputs/20260427_002133/runs/run_053_refine_run342_second_val_h256_objh256_te128_fu256_obj1_ff2_blocks5_drop0p35_ls0p05_lr0p0002_wd0p0015,/home/cmantill/narrador-futbol/experiments/positions/grid_search_outputs/20260427_002133/runs/run_053_refine_run342_second_val_h256_objh256_te128_fu256_obj1_ff2_blocks5_drop0p35_ls0p05_lr0p0002_wd0p0015/best_model.pt,128,256,256,256,refine_run342_second_val,1,2,5,0.35,0.05,0.0002,0.0015,512,True,2,early_stopping_val_macro_f1_patience_3,0.6123649195030508,0.5847563071193412,0.614242289990383,0.586704364216326,0.5609146558681026,0.5719445463146721,1.494693398475647,0.5847563071193412
/home/cmantill/narrador-futbol/experiments/positions/grid_search_outputs/20260427_002133/runs/run_059_refine_run342_second_val_h256_objh256_te128_fu256_obj1_ff2_blocks5_drop0p35_ls0p05_lr0p0002_wd0p002,/home/cmantill/narrador-futbol/experiments/positions/grid_search_outputs/20260427_002133/runs/run_059_refine_run342_second_val_h256_objh256_te128_fu256_obj1_ff2_blocks5_drop0p35_ls0p05_lr0p0002_wd0p002/best_model.pt,128,256,256,256,refine_run342_second_val,1,2,5,0.35,0.05,0.0002,0.002,512,True,2,early_stopping_val_macro_f1_patience_3,0.6123649195030508,0.5847563071193412,0.614242289990383,0.586704364216326,0.5609146558681026,0.5719445463146721,1.4947027696503534,0.5847563071193412
/home/cmantill/narrador-futbol/experiments/positions/grid_search_outputs/20260427_002133/runs/run_037_refine_run342_second_val_h256_objh256_te128_fu256_obj1_ff2_blocks5_drop0p27_ls0p05_lr0p0003_wd0p0015,/home/cmantill/narrador-futbol/experiments/positions/grid_search_outputs/20260427_002133/runs/run_037_refine_run342_second_val_h256_objh256_te128_fu256_obj1_ff2_blocks5_drop0p27_ls0p05_lr0p0003_wd0p0015/best_model.pt,128,256,256,256,refine_run342_second_val,1,2,5,0.27,0.05,0.0003,0.0015,512,True,2,early_stopping_val_macro_f1_patience_3,0.6096449312651621,0.5788441765561733,0.6084955478556239,0.5727852689575178,0.5520207155486683,0.565080407509142,1.6156652282785486,0.5788441765561733
/home/cmantill/narrador-futbol/experiments/positions/grid_search_outputs/20260427_002133/runs/run_043_refine_run342_second_val_h256_objh256_te128_fu256_obj1_ff2_blocks5_drop0p27_ls0p05_lr0p0003_wd0p002,/home/cmantill/narrador-futbol/experiments/positions/grid_search_outputs/20260427_002133/runs/run_043_refine_run342_second_val_h256_objh256_te128_fu256_obj1_ff2_blocks5_drop0p27_ls0p05_lr0p0003_wd0p002/best_model.pt,128,256,256,256,refine_run342_second_val,1,2,5,0.27,0.05,0.0003,0.002,512,True,2,early_stopping_val_macro_f1_patience_3,0.6096449312651621,0.5788441765561733,0.6084955478556239,0.5727127736697115,0.5519440532781196,0.5649974773857114,1.615630359561355,0.5788441765561733
/home/cmantill/narrador-futbol/experiments/positions/grid_search_outputs/20260427_002133/runs/run_013_refine_run120_top_val_h128_objh128_te64_fu128_obj2_ff4_blocks5_drop0p27_ls0p05_lr0p0002_wd0p0015,/home/cmantill/narrador-futbol/experiments/positions/grid_search_outputs/20260427_002133/runs/run_013_refine_run120_top_val_h128_objh128_te64_fu128_obj2_ff4_blocks5_drop0p27_ls0p05_lr0p0002_wd0p0015/best_model.pt,64,128,128,128,refine_run120_top_val,2,4,5,0.27,0.05,0.0002,0.0015,512,True,4,early_stopping_val_loss_overfit_patience_3,0.6045725207674778,0.5782971570174308,0.6111954911022507,0.5432796868203567,0.5052413648935207,0.525352934173631,1.4951831411432337,0.5782971570174308
/home/cmantill/narrador-futbol/experiments/positions/grid_search_outputs/20260427_002133/runs/run_019_refine_run120_top_val_h128_objh128_te64_fu128_obj2_ff4_blocks5_drop0p27_ls0p05_lr0p0002_wd0p002,/home/cmantill/narrador-futbol/experiments/positions/grid_search_outputs/20260427_002133/runs/run_019_refine_run120_top_val_h128_objh128_te64_fu128_obj2_ff4_blocks5_drop0p27_ls0p05_lr0p0002_wd0p002/best_model.pt,64,128,128,128,refine_run120_top_val,2,4,5,0.27,0.05,0.0002,0.002,512,True,4,early_stopping_val_loss_overfit_patience_3,0.6045725207674778,0.5782971570174308,0.6111954911022507,0.5432796868203567,0.5052413648935207,0.525352934173631,1.495164687986727,0.5782971570174308
/home/cmantill/narrador-futbol/experiments/positions/grid_search_outputs/20260427_002133/runs/run_039_refine_run342_second_val_h256_objh256_te128_fu256_obj1_ff2_blocks5_drop0p33_ls0p05_lr0p0003_wd0p0015,/home/cmantill/narrador-futbol/experiments/positions/grid_search_outputs/20260427_002133/runs/run_039_refine_run342_second_val_h256_objh256_te128_fu256_obj1_ff2_blocks5_drop0p33_ls0p05_lr0p0003_wd0p0015/best_model.pt,128,256,256,256,refine_run342_second_val,1,2,5,0.33,0.05,0.0003,0.0015,512,True,2,early_stopping_val_macro_f1_patience_3,0.6101595236344924,0.577971838675951,0.609356035112063,0.5664781789183703,0.5470232022999565,0.5548451846754595,1.555202356091252,0.577971838675951
/home/cmantill/narrador-futbol/experiments/positions/grid_search_outputs/20260427_002133/runs/run_045_refine_run342_second_val_h256_objh256_te128_fu256_obj1_ff2_blocks5_drop0p33_ls0p05_lr0p0003_wd0p002,/home/cmantill/narrador-futbol/experiments/positions/grid_search_outputs/20260427_002133/runs/run_045_refine_run342_second_val_h256_objh256_te128_fu256_obj1_ff2_blocks5_drop0p33_ls0p05_lr0p0003_wd0p002/best_model.pt,128,256,256,256,refine_run342_second_val,1,2,5,0.33,0.05,0.0003,0.002,512,True,2,early_stopping_val_macro_f1_patience_3,0.6101595236344924,0.577971838675951,0.609356035112063,0.5664781789183703,0.5470232022999565,0.5548451846754595,1.5551989983629297,0.577971838675951
/home/cmantill/narrador-futbol/experiments/positions/grid_search_outputs/20260427_002133/runs/run_047_refine_run342_second_val_h256_objh256_te128_fu256_obj1_ff2_blocks5_drop0p35_ls0p05_lr0p0003_wd0p002,/home/cmantill/narrador-futbol/experiments/positions/grid_search_outputs/20260427_002133/runs/run_047_refine_run342_second_val_h256_objh256_te128_fu256_obj1_ff2_blocks5_drop0p35_ls0p05_lr0p0003_wd0p002/best_model.pt,128,256,256,256,refine_run342_second_val,1,2,5,0.35,0.05,0.0003,0.002,512,True,2,early_stopping_val_macro_f1_patience_3,0.6118503271337205,0.5765865214500018,0.6085314784066739,0.5840945338552994,0.5611537058555871,0.5708801324738533,1.515109689147384,0.5765865214500018
/home/cmantill/narrador-futbol/experiments/positions/grid_search_outputs/20260427_002133/runs/run_041_refine_run342_second_val_h256_objh256_te128_fu256_obj1_ff2_blocks5_drop0p35_ls0p05_lr0p0003_wd0p0015,/home/cmantill/narrador-futbol/experiments/positions/grid_search_outputs/20260427_002133/runs/run_041_refine_run342_second_val_h256_objh256_te128_fu256_obj1_ff2_blocks5_drop0p35_ls0p05_lr0p0003_wd0p0015/best_model.pt,128,256,256,256,refine_run342_second_val,1,2,5,0.35,0.05,0.0003,0.0015,512,True,2,early_stopping_val_macro_f1_patience_3,0.6117768139381019,0.5765405344309504,0.6084897194731917,0.5840945338552994,0.5611537058555871,0.5708801324738533,1.5150938387270327,0.5765405344309504
/home/cmantill/narrador-futbol/experiments/positions/grid_search_outputs/20260427_002133/runs/run_040_refine_run342_second_val_h256_objh256_te128_fu256_obj1_ff2_blocks5_drop0p33_ls0p1_lr0p0003_wd0p0015,/home/cmantill/narrador-futbol/experiments/positions/grid_search_outputs/20260427_002133/runs/run_040_refine_run342_second_val_h256_objh256_te128_fu256_obj1_ff2_blocks5_drop0p33_ls0p1_lr0p0003_wd0p0015/best_model.pt,128,256,256,256,refine_run342_second_val,1,2,5,0.33,0.1,0.0003,0.0015,512,True,2,early_stopping_val_macro_f1_patience_3,0.6068514298316547,0.574995391427034,0.6049366467205792,0.5722778019428737,0.5544091149156367,0.5633135392401456,1.6408728316978172,0.574995391427034
/home/cmantill/narrador-futbol/experiments/positions/grid_search_outputs/20260427_002133/runs/run_046_refine_run342_second_val_h256_objh256_te128_fu256_obj1_ff2_blocks5_drop0p33_ls0p1_lr0p0003_wd0p002,/home/cmantill/narrador-futbol/experiments/positions/grid_search_outputs/20260427_002133/runs/run_046_refine_run342_second_val_h256_objh256_te128_fu256_obj1_ff2_blocks5_drop0p33_ls0p1_lr0p0003_wd0p002/best_model.pt,128,256,256,256,refine_run342_second_val,1,2,5,0.33,0.1,0.0003,0.002,512,True,2,early_stopping_val_macro_f1_patience_3,0.6068514298316547,0.574995391427034,0.6049366467205792,0.5722778019428737,0.5544091149156367,0.5633135392401456,1.640882103531449,0.574995391427034
/home/cmantill/narrador-futbol/experiments/positions/grid_search_outputs/20260427_002133/runs/run_038_refine_run342_second_val_h256_objh256_te128_fu256_obj1_ff2_blocks5_drop0p27_ls0p1_lr0p0003_wd0p0015,/home/cmantill/narrador-futbol/experiments/positions/grid_search_outputs/20260427_002133/runs/run_038_refine_run342_second_val_h256_objh256_te128_fu256_obj1_ff2_blocks5_drop0p27_ls0p1_lr0p0003_wd0p0015/best_model.pt,128,256,256,256,refine_run342_second_val,1,2,5,0.27,0.1,0.0003,0.0015,512,True,2,early_stopping_val_loss_overfit_patience_3,0.6019995589208262,0.5746596336125454,0.6020840338507959,0.5814847034942728,0.5598306393474771,0.5719082757189632,1.7007301251093547,0.5746596336125454
/home/cmantill/narrador-futbol/experiments/positions/grid_search_outputs/20260427_002133/runs/run_044_refine_run342_second_val_h256_objh256_te128_fu256_obj1_ff2_blocks5_drop0p27_ls0p1_lr0p0003_wd0p002,/home/cmantill/narrador-futbol/experiments/positions/grid_search_outputs/20260427_002133/runs/run_044_refine_run342_second_val_h256_objh256_te128_fu256_obj1_ff2_blocks5_drop0p27_ls0p1_lr0p0003_wd0p002/best_model.pt,128,256,256,256,refine_run342_second_val,1,2,5,0.27,0.1,0.0003,0.002,512,True,2,early_stopping_val_loss_overfit_patience_3,0.6019260457252077,0.574599967161263,0.6020154674300818,0.5814847034942728,0.5598306393474771,0.5719082757189632,1.7007367434325042,0.574599967161263
/home/cmantill/narrador-futbol/experiments/positions/grid_search_outputs/20260427_002133/runs/run_016_refine_run120_top_val_h128_objh128_te64_fu128_obj2_ff4_blocks5_drop0p33_ls0p1_lr0p0002_wd0p0015,/home/cmantill/narrador-futbol/experiments/positions/grid_search_outputs/20260427_002133/runs/run_016_refine_run120_top_val_h128_objh128_te64_fu128_obj2_ff4_blocks5_drop0p33_ls0p1_lr0p0002_wd0p0015/best_model.pt,64,128,128,128,refine_run120_top_val,2,4,5,0.33,0.1,0.0002,0.0015,512,True,4,early_stopping_val_loss_overfit_patience_3,0.5978093067705653,0.5741447496972735,0.6037504789178859,0.5593736407133536,0.5302315217707373,0.537239900945212,1.5332278189835724,0.5741447496972735
/home/cmantill/narrador-futbol/experiments/positions/grid_search_outputs/20260427_002133/runs/run_022_refine_run120_top_val_h128_objh128_te64_fu128_obj2_ff4_blocks5_drop0p33_ls0p1_lr0p0002_wd0p002,/home/cmantill/narrador-futbol/experiments/positions/grid_search_outputs/20260427_002133/runs/run_022_refine_run120_top_val_h128_objh128_te64_fu128_obj2_ff4_blocks5_drop0p33_ls0p1_lr0p0002_wd0p002/best_model.pt,64,128,128,128,refine_run120_top_val,2,4,5,0.33,0.1,0.0002,0.002,512,True,4,early_stopping_val_loss_overfit_patience_3,0.5978093067705653,0.5741447496972735,0.6037504789178859,0.5593736407133536,0.5302315217707373,0.537239900945212,1.5332221543347393,0.5741447496972735
/home/cmantill/narrador-futbol/experiments/positions/grid_search_outputs/20260427_002133/runs/run_079_refine_run290_third_val_best_balance_h256_objh256_te128_fu256_obj1_ff2_blocks3_drop0p18_ls0p05_lr0p0003_wd0p0015,/home/cmantill/narrador-futbol/experiments/positions/grid_search_outputs/20260427_002133/runs/run_079_refine_run290_third_val_best_balance_h256_objh256_te128_fu256_obj1_ff2_blocks3_drop0p18_ls0p05_lr0p0003_wd0p0015/best_model.pt,128,256,256,256,refine_run290_third_val_best_balance,1,2,3,0.18,0.05,0.0003,0.0015,512,True,1,early_stopping_val_macro_f1_patience_3,0.6000882158347424,0.5722007257531457,0.6005793447991532,0.5975786573872698,0.5696551389961478,0.5788683514363802,1.4920953821252894,0.5722007257531457
/home/cmantill/narrador-futbol/experiments/positions/grid_search_outputs/20260427_002133/runs/run_073_refine_run290_third_val_best_balance_h256_objh256_te128_fu256_obj1_ff2_blocks3_drop0p18_ls0p05_lr0p0003_wd0p00075,/home/cmantill/narrador-futbol/experiments/positions/grid_search_outputs/20260427_002133/runs/run_073_refine_run290_third_val_best_balance_h256_objh256_te128_fu256_obj1_ff2_blocks3_drop0p18_ls0p05_lr0p0003_wd0p00075/best_model.pt,128,256,256,256,refine_run290_third_val_best_balance,1,2,3,0.18,0.05,0.0003,0.00075,512,True,1,early_stopping_val_macro_f1_patience_3,0.6000882158347424,0.5721967878017741,0.6005741728457724,0.5975786573872698,0.5696551389961478,0.5788683514363802,1.4921071816373754,0.5721967878017741
/home/cmantill/narrador-futbol/experiments/positions/grid_search_outputs/20260427_002133/runs/run_018_refine_run120_top_val_h128_objh128_te64_fu128_obj2_ff4_blocks5_drop0p35_ls0p1_lr0p0002_wd0p0015,/home/cmantill/narrador-futbol/experiments/positions/grid_search_outputs/20260427_002133/runs/run_018_refine_run120_top_val_h128_objh128_te64_fu128_obj2_ff4_blocks5_drop0p35_ls0p1_lr0p0002_wd0p0015/best_model.pt,64,128,128,128,refine_run120_top_val,2,4,5,0.35,0.1,0.0002,0.0015,512,True,4,early_stopping_val_loss_overfit_patience_3,0.594060133794016,0.5705535838054492,0.5982049384461675,0.5638683485573438,0.5362503087982963,0.5411687639601233,1.546056420714767,0.5705535838054492
/home/cmantill/narrador-futbol/experiments/positions/grid_search_outputs/20260427_002133/runs/run_024_refine_run120_top_val_h128_objh128_te64_fu128_obj2_ff4_blocks5_drop0p35_ls0p1_lr0p0002_wd0p002,/home/cmantill/narrador-futbol/experiments/positions/grid_search_outputs/20260427_002133/runs/run_024_refine_run120_top_val_h128_objh128_te64_fu128_obj2_ff4_blocks5_drop0p35_ls0p1_lr0p0002_wd0p002/best_model.pt,64,128,128,128,refine_run120_top_val,2,4,5,0.35,0.1,0.0002,0.002,512,True,4,early_stopping_val_loss_overfit_patience_3,0.5939866205983975,0.5704606103390837,0.5981285583364404,0.5638683485573438,0.5362503087982963,0.5411687639601233,1.5460516390977082,0.5704606103390837
/home/cmantill/narrador-futbol/experiments/positions/grid_search_outputs/20260427_002133/runs/run_048_refine_run342_second_val_h256_objh256_te128_fu256_obj1_ff2_blocks5_drop0p35_ls0p1_lr0p0003_wd0p002,/home/cmantill/narrador-futbol/experiments/positions/grid_search_outputs/20260427_002133/runs/run_048_refine_run342_second_val_h256_objh256_te128_fu256_obj1_ff2_blocks5_drop0p35_ls0p1_lr0p0003_wd0p002/best_model.pt,128,256,256,256,refine_run342_second_val,1,2,5,0.35,0.1,0.0003,0.002,512,True,2,early_stopping_val_macro_f1_patience_3,0.6044990075718591,0.5695296931709657,0.6018168771173829,0.5727852689575178,0.549744874321741,0.5617341875311985,1.6501785472587303,0.5695296931709657
/home/cmantill/narrador-futbol/experiments/positions/grid_search_outputs/20260427_002133/runs/run_042_refine_run342_second_val_h256_objh256_te128_fu256_obj1_ff2_blocks5_drop0p35_ls0p1_lr0p0003_wd0p0015,/home/cmantill/narrador-futbol/experiments/positions/grid_search_outputs/20260427_002133/runs/run_042_refine_run342_second_val_h256_objh256_te128_fu256_obj1_ff2_blocks5_drop0p35_ls0p1_lr0p0003_wd0p0015/best_model.pt,128,256,256,256,refine_run342_second_val,1,2,5,0.35,0.1,0.0003,0.0015,512,True,2,early_stopping_val_macro_f1_patience_3,0.6044990075718591,0.5695296931709657,0.6018168771173829,0.5727127736697115,0.5496687478464762,0.5616724928254282,1.6501573147597137,0.5695296931709657
/home/cmantill/narrador-futbol/experiments/positions/grid_search_outputs/20260427_002133/runs/run_001_refine_run120_top_val_h128_objh128_te64_fu128_obj2_ff4_blocks5_drop0p27_ls0p05_lr0p0003_wd0p0015,/home/cmantill/narrador-futbol/experiments/positions/grid_search_outputs/20260427_002133/runs/run_001_refine_run120_top_val_h128_objh128_te64_fu128_obj2_ff4_blocks5_drop0p27_ls0p05_lr0p0003_wd0p0015/best_model.pt,64,128,128,128,refine_run120_top_val,2,4,5,0.27,0.05,0.0003,0.0015,512,True,4,early_stopping_val_loss_overfit_patience_3,0.5926633830772624,0.5671184858385147,0.6005630617768272,0.5223285486443381,0.4870884140157959,0.5110317134912561,1.5018566846847534,0.5671184858385147
/home/cmantill/narrador-futbol/experiments/positions/grid_search_outputs/20260427_002133/runs/run_007_refine_run120_top_val_h128_objh128_te64_fu128_obj2_ff4_blocks5_drop0p27_ls0p05_lr0p0003_wd0p002,/home/cmantill/narrador-futbol/experiments/positions/grid_search_outputs/20260427_002133/runs/run_007_refine_run120_top_val_h128_objh128_te64_fu128_obj2_ff4_blocks5_drop0p27_ls0p05_lr0p0003_wd0p002/best_model.pt,64,128,128,128,refine_run120_top_val,2,4,5,0.27,0.05,0.0003,0.002,512,True,4,early_stopping_val_loss_overfit_patience_3,0.5926633830772624,0.5671184858385147,0.6005630617768272,0.5223285486443381,0.4870884140157959,0.5110317134912561,1.5018480707097936,0.5671184858385147
/home/cmantill/narrador-futbol/experiments/positions/grid_search_outputs/20260427_002133/runs/run_002_refine_run120_top_val_h128_objh128_te64_fu128_obj2_ff4_blocks5_drop0p27_ls0p1_lr0p0003_wd0p0015,/home/cmantill/narrador-futbol/experiments/positions/grid_search_outputs/20260427_002133/runs/run_002_refine_run120_top_val_h128_objh128_te64_fu128_obj2_ff4_blocks5_drop0p27_ls0p1_lr0p0003_wd0p0015/best_model.pt,64,128,128,128,refine_run120_top_val,2,4,5,0.27,0.1,0.0003,0.0015,512,True,4,early_stopping_val_loss_overfit_patience_3,0.5883261045357642,0.5670832488676882,0.5988350086097523,0.5244309119907206,0.49056132372582584,0.5142362620935481,1.5855830731215301,0.5670832488676882
/home/cmantill/narrador-futbol/experiments/positions/grid_search_outputs/20260427_002133/runs/run_008_refine_run120_top_val_h128_objh128_te64_fu128_obj2_ff4_blocks5_drop0p27_ls0p1_lr0p0003_wd0p002,/home/cmantill/narrador-futbol/experiments/positions/grid_search_outputs/20260427_002133/runs/run_008_refine_run120_top_val_h128_objh128_te64_fu128_obj2_ff4_blocks5_drop0p27_ls0p1_lr0p0003_wd0p002/best_model.pt,64,128,128,128,refine_run120_top_val,2,4,5,0.27,0.1,0.0003,0.002,512,True,4,early_stopping_val_loss_overfit_patience_3,0.5883261045357642,0.5670832488676882,0.5988350086097523,0.5244309119907206,0.49056132372582584,0.5142362620935481,1.5855759823763813,0.5670832488676882
/home/cmantill/narrador-futbol/experiments/positions/grid_search_outputs/20260427_002133/runs/run_074_refine_run290_third_val_best_balance_h256_objh256_te128_fu256_obj1_ff2_blocks3_drop0p18_ls0p1_lr0p0003_wd0p00075,/home/cmantill/narrador-futbol/experiments/positions/grid_search_outputs/20260427_002133/runs/run_074_refine_run290_third_val_best_balance_h256_objh256_te128_fu256_obj1_ff2_blocks3_drop0p18_ls0p1_lr0p0003_wd0p00075/best_model.pt,128,256,256,256,refine_run290_third_val_best_balance,1,2,3,0.18,0.1,0.0003,0.00075,512,True,1,early_stopping_val_macro_f1_patience_3,0.5943541865764905,0.5670294754099213,0.5959829028336409,0.5989560678555894,0.5749296405343927,0.583221102750898,1.567181251667164,0.5670294754099213
/home/cmantill/narrador-futbol/experiments/positions/grid_search_outputs/20260427_002133/runs/run_080_refine_run290_third_val_best_balance_h256_objh256_te128_fu256_obj1_ff2_blocks3_drop0p18_ls0p1_lr0p0003_wd0p0015,/home/cmantill/narrador-futbol/experiments/positions/grid_search_outputs/20260427_002133/runs/run_080_refine_run290_third_val_best_balance_h256_objh256_te128_fu256_obj1_ff2_blocks3_drop0p18_ls0p1_lr0p0003_wd0p0015/best_model.pt,128,256,256,256,refine_run290_third_val_best_balance,1,2,3,0.18,0.1,0.0003,0.0015,512,True,1,early_stopping_val_macro_f1_patience_3,0.5943541865764905,0.5670294754099213,0.5959829028336409,0.5989560678555894,0.5749296405343927,0.583221102750898,1.5671724522555317,0.5670294754099213
/home/cmantill/narrador-futbol/experiments/positions/grid_search_outputs/20260427_002133/runs/run_065_refine_run342_second_val_h256_objh256_te128_fu256_obj1_ff2_blocks5_drop0p35_ls0p05_lr0p0001_wd0p0015,/home/cmantill/narrador-futbol/experiments/positions/grid_search_outputs/20260427_002133/runs/run_065_refine_run342_second_val_h256_objh256_te128_fu256_obj1_ff2_blocks5_drop0p35_ls0p05_lr0p0001_wd0p0015/best_model.pt,128,256,256,256,refine_run342_second_val,1,2,5,0.35,0.05,0.0001,0.0015,512,True,4,early_stopping_val_loss_overfit_patience_3,0.5767845328236418,0.5654074338484819,0.5826074883670819,0.569377990430622,0.545164878359688,0.5541695349397591,1.507366794127005,0.5654074338484819
/home/cmantill/narrador-futbol/experiments/positions/grid_search_outputs/20260427_002133/runs/run_071_refine_run342_second_val_h256_objh256_te128_fu256_obj1_ff2_blocks5_drop0p35_ls0p05_lr0p0001_wd0p002,/home/cmantill/narrador-futbol/experiments/positions/grid_search_outputs/20260427_002133/runs/run_071_refine_run342_second_val_h256_objh256_te128_fu256_obj1_ff2_blocks5_drop0p35_ls0p05_lr0p0001_wd0p002/best_model.pt,128,256,256,256,refine_run342_second_val,1,2,5,0.35,0.05,0.0001,0.002,512,True,4,early_stopping_val_loss_overfit_patience_3,0.5767845328236418,0.5654074338484819,0.5826074883670819,0.569377990430622,0.545164878359688,0.5541695349397591,1.507366794127005,0.5654074338484819
/home/cmantill/narrador-futbol/experiments/positions/grid_search_outputs/20260427_002133/runs/run_076_refine_run290_third_val_best_balance_h256_objh256_te128_fu256_obj1_ff2_blocks3_drop0p22_ls0p1_lr0p0003_wd0p00075,/home/cmantill/narrador-futbol/experiments/positions/grid_search_outputs/20260427_002133/runs/run_076_refine_run290_third_val_best_balance_h256_objh256_te128_fu256_obj1_ff2_blocks3_drop0p22_ls0p1_lr0p0003_wd0p00075/best_model.pt,128,256,256,256,refine_run290_third_val_best_balance,1,2,3,0.22,0.1,0.0003,0.00075,512,True,1,early_stopping_val_macro_f1_patience_3,0.5935455414246857,0.5639611122817555,0.593348666087253,0.6176598521096128,0.5915919208475834,0.6022660777923373,1.579838302400377,0.5639611122817555
/home/cmantill/narrador-futbol/experiments/positions/grid_search_outputs/20260427_002133/runs/run_082_refine_run290_third_val_best_balance_h256_objh256_te128_fu256_obj1_ff2_blocks3_drop0p22_ls0p1_lr0p0003_wd0p0015,/home/cmantill/narrador-futbol/experiments/positions/grid_search_outputs/20260427_002133/runs/run_082_refine_run290_third_val_best_balance_h256_objh256_te128_fu256_obj1_ff2_blocks3_drop0p22_ls0p1_lr0p0003_wd0p0015/best_model.pt,128,256,256,256,refine_run290_third_val_best_balance,1,2,3,0.22,0.1,0.0003,0.0015,512,True,1,early_stopping_val_macro_f1_patience_3,0.5934720282290671,0.5638991744965374,0.5932774801158712,0.6176598521096128,0.5915919208475834,0.6022660777923373,1.5798300328078094,0.5638991744965374
/home/cmantill/narrador-futbol/experiments/positions/grid_search_outputs/20260427_002133/runs/run_021_refine_run120_top_val_h128_objh128_te64_fu128_obj2_ff4_blocks5_drop0p33_ls0p05_lr0p0002_wd0p002,/home/cmantill/narrador-futbol/experiments/positions/grid_search_outputs/20260427_002133/runs/run_021_refine_run120_top_val_h128_objh128_te64_fu128_obj2_ff4_blocks5_drop0p33_ls0p05_lr0p0002_wd0p002/best_model.pt,64,128,128,128,refine_run120_top_val,2,4,5,0.33,0.05,0.0002,0.002,512,True,4,early_stopping_val_loss_overfit_patience_3,0.5886201573182386,0.5634867440969622,0.5951279279484424,0.5556763810352328,0.5279129860562872,0.5366247827388472,1.4439931158666257,0.5634867440969622
/home/cmantill/narrador-futbol/experiments/positions/grid_search_outputs/20260427_002133/runs/run_015_refine_run120_top_val_h128_objh128_te64_fu128_obj2_ff4_blocks5_drop0p33_ls0p05_lr0p0002_wd0p0015,/home/cmantill/narrador-futbol/experiments/positions/grid_search_outputs/20260427_002133/runs/run_015_refine_run120_top_val_h128_objh128_te64_fu128_obj2_ff4_blocks5_drop0p33_ls0p05_lr0p0002_wd0p0015/best_model.pt,64,128,128,128,refine_run120_top_val,2,4,5,0.33,0.05,0.0002,0.0015,512,True,4,early_stopping_val_loss_overfit_patience_3,0.58854664412262,0.5634350625822687,0.5950664528762817,0.5556763810352328,0.5279129860562872,0.5366247827388472,1.444001058737437,0.5634350625822687
/home/cmantill/narrador-futbol/experiments/positions/grid_search_outputs/20260427_002133/runs/run_017_refine_run120_top_val_h128_objh128_te64_fu128_obj2_ff4_blocks5_drop0p35_ls0p05_lr0p0002_wd0p0015,/home/cmantill/narrador-futbol/experiments/positions/grid_search_outputs/20260427_002133/runs/run_017_refine_run120_top_val_h128_objh128_te64_fu128_obj2_ff4_blocks5_drop0p35_ls0p05_lr0p0002_wd0p0015/best_model.pt,64,128,128,128,refine_run120_top_val,2,4,5,0.35,0.05,0.0002,0.0015,512,True,4,early_stopping_val_loss_overfit_patience_3,0.5887671837094759,0.5633977033223173,0.5940631641570482,0.5603885747426417,0.5357356281930937,0.540655383990364,1.455319896892265,0.5633977033223173
/home/cmantill/narrador-futbol/experiments/positions/grid_search_outputs/20260427_002133/runs/run_023_refine_run120_top_val_h128_objh128_te64_fu128_obj2_ff4_blocks5_drop0p35_ls0p05_lr0p0002_wd0p002,/home/cmantill/narrador-futbol/experiments/positions/grid_search_outputs/20260427_002133/runs/run_023_refine_run120_top_val_h128_objh128_te64_fu128_obj2_ff4_blocks5_drop0p35_ls0p05_lr0p0002_wd0p002/best_model.pt,64,128,128,128,refine_run120_top_val,2,4,5,0.35,0.05,0.0002,0.002,512,True,4,early_stopping_val_loss_overfit_patience_3,0.5887671837094759,0.5633977033223173,0.5940631641570482,0.5603885747426417,0.5357356281930937,0.540655383990364,1.4553150335947673,0.5633977033223173
/home/cmantill/narrador-futbol/experiments/positions/grid_search_outputs/20260427_002133/runs/run_077_refine_run290_third_val_best_balance_h256_objh256_te128_fu256_obj1_ff2_blocks3_drop0p27_ls0p05_lr0p0003_wd0p00075,/home/cmantill/narrador-futbol/experiments/positions/grid_search_outputs/20260427_002133/runs/run_077_refine_run290_third_val_best_balance_h256_objh256_te128_fu256_obj1_ff2_blocks3_drop0p27_ls0p05_lr0p0003_wd0p00075/best_model.pt,128,256,256,256,refine_run290_third_val_best_balance,1,2,3,0.27,0.05,0.0003,0.00075,512,True,1,early_stopping_val_macro_f1_patience_3,0.5954568845107697,0.5633472926367962,0.5946186927345283,0.6178773379730318,0.5911603570760195,0.6002526515170623,1.4726710694807548,0.5633472926367962
/home/cmantill/narrador-futbol/experiments/positions/grid_search_outputs/20260427_002133/runs/run_083_refine_run290_third_val_best_balance_h256_objh256_te128_fu256_obj1_ff2_blocks3_drop0p27_ls0p05_lr0p0003_wd0p0015,/home/cmantill/narrador-futbol/experiments/positions/grid_search_outputs/20260427_002133/runs/run_083_refine_run290_third_val_best_balance_h256_objh256_te128_fu256_obj1_ff2_blocks3_drop0p27_ls0p05_lr0p0003_wd0p0015/best_model.pt,128,256,256,256,refine_run290_third_val_best_balance,1,2,3,0.27,0.05,0.0003,0.0015,512,True,1,early_stopping_val_macro_f1_patience_3,0.5954568845107697,0.5633472926367962,0.5946186927345283,0.6178773379730318,0.5911603570760195,0.6002526515170623,1.4726656035140708,0.5633472926367962
/home/cmantill/narrador-futbol/experiments/positions/grid_search_outputs/20260427_002133/runs/run_101_refine_run290_third_val_best_balance_h256_objh256_te128_fu256_obj1_ff2_blocks3_drop0p27_ls0p05_lr0p0001_wd0p00075,/home/cmantill/narrador-futbol/experiments/positions/grid_search_outputs/20260427_002133/runs/run_101_refine_run290_third_val_best_balance_h256_objh256_te128_fu256_obj1_ff2_blocks3_drop0p27_ls0p05_lr0p0001_wd0p00075/best_model.pt,128,256,256,256,refine_run290_third_val_best_balance,1,2,3,0.27,0.05,0.0001,0.00075,512,True,4,early_stopping_val_loss_overfit_patience_3,0.5886936705138572,0.5631620255600769,0.5929099244381825,0.578294910830796,0.5510841733204915,0.5608857481442444,1.5056499353161565,0.5631620255600769
/home/cmantill/narrador-futbol/experiments/positions/grid_search_outputs/20260427_002133/runs/run_107_refine_run290_third_val_best_balance_h256_objh256_te128_fu256_obj1_ff2_blocks3_drop0p27_ls0p05_lr0p0001_wd0p0015,/home/cmantill/narrador-futbol/experiments/positions/grid_search_outputs/20260427_002133/runs/run_107_refine_run290_third_val_best_balance_h256_objh256_te128_fu256_obj1_ff2_blocks3_drop0p27_ls0p05_lr0p0001_wd0p0015/best_model.pt,128,256,256,256,refine_run290_third_val_best_balance,1,2,3,0.27,0.05,0.0001,0.0015,512,True,4,early_stopping_val_loss_overfit_patience_3,0.5886936705138572,0.5631620255600769,0.5929099244381825,0.578294910830796,0.5510841733204915,0.5608857481442444,1.5056319921104997,0.5631620255600769
/home/cmantill/narrador-futbol/experiments/positions/grid_search_outputs/20260427_002133/runs/run_003_refine_run120_top_val_h128_objh128_te64_fu128_obj2_ff4_blocks5_drop0p33_ls0p05_lr0p0003_wd0p0015,/home/cmantill/narrador-futbol/experiments/positions/grid_search_outputs/20260427_002133/runs/run_003_refine_run120_top_val_h128_objh128_te64_fu128_obj2_ff4_blocks5_drop0p33_ls0p05_lr0p0003_wd0p0015/best_model.pt,64,128,128,128,refine_run120_top_val,2,4,5,0.33,0.05,0.0003,0.0015,512,True,4,early_stopping_val_loss_overfit_patience_3,0.5881055649489083,0.5625387224910339,0.5950519234811475,0.535450195737277,0.5060447577421066,0.5249787551233617,1.5015740173834342,0.5625387224910339
/home/cmantill/narrador-futbol/experiments/positions/grid_search_outputs/20260427_002133/runs/run_009_refine_run120_top_val_h128_objh128_te64_fu128_obj2_ff4_blocks5_drop0p33_ls0p05_lr0p0003_wd0p002,/home/cmantill/narrador-futbol/experiments/positions/grid_search_outputs/20260427_002133/runs/run_009_refine_run120_top_val_h128_objh128_te64_fu128_obj2_ff4_blocks5_drop0p33_ls0p05_lr0p0003_wd0p002/best_model.pt,64,128,128,128,refine_run120_top_val,2,4,5,0.33,0.05,0.0003,0.002,512,True,4,early_stopping_val_loss_overfit_patience_3,0.5880320517532898,0.562449647004999,0.5949968798120217,0.535450195737277,0.5060447577421066,0.5249787551233617,1.501562977278674,0.562449647004999
/home/cmantill/narrador-futbol/experiments/positions/grid_search_outputs/20260427_002133/runs/run_078_refine_run290_third_val_best_balance_h256_objh256_te128_fu256_obj1_ff2_blocks3_drop0p27_ls0p1_lr0p0003_wd0p00075,/home/cmantill/narrador-futbol/experiments/positions/grid_search_outputs/20260427_002133/runs/run_078_refine_run290_third_val_best_balance_h256_objh256_te128_fu256_obj1_ff2_blocks3_drop0p27_ls0p1_lr0p0003_wd0p00075/best_model.pt,128,256,256,256,refine_run290_third_val_best_balance,1,2,3,0.27,0.1,0.0003,0.00075,512,True,1,early_stopping_val_macro_f1_patience_3,0.5924428434904065,0.5616171713664841,0.5923569962279348,0.6176598521096128,0.5914778534142342,0.6007617434393073,1.5645920038223267,0.5616171713664841
/home/cmantill/narrador-futbol/experiments/positions/grid_search_outputs/20260427_002133/runs/run_084_refine_run290_third_val_best_balance_h256_objh256_te128_fu256_obj1_ff2_blocks3_drop0p27_ls0p1_lr0p0003_wd0p0015,/home/cmantill/narrador-futbol/experiments/positions/grid_search_outputs/20260427_002133/runs/run_084_refine_run290_third_val_best_balance_h256_objh256_te128_fu256_obj1_ff2_blocks3_drop0p27_ls0p1_lr0p0003_wd0p0015/best_model.pt,128,256,256,256,refine_run290_third_val_best_balance,1,2,3,0.27,0.1,0.0003,0.0015,512,True,1,early_stopping_val_macro_f1_patience_3,0.5924428434904065,0.5616171713664841,0.5923569962279348,0.6176598521096128,0.5914778534142342,0.6007617434393073,1.5645908338052255,0.5616171713664841
/home/cmantill/narrador-futbol/experiments/positions/grid_search_outputs/20260427_002133/runs/run_102_refine_run290_third_val_best_balance_h256_objh256_te128_fu256_obj1_ff2_blocks3_drop0p27_ls0p1_lr0p0001_wd0p00075,/home/cmantill/narrador-futbol/experiments/positions/grid_search_outputs/20260427_002133/runs/run_102_refine_run290_third_val_best_balance_h256_objh256_te128_fu256_obj1_ff2_blocks3_drop0p27_ls0p1_lr0p0001_wd0p00075/best_model.pt,128,256,256,256,refine_run290_third_val_best_balance,1,2,3,0.27,0.1,0.0001,0.00075,512,True,4,early_stopping_val_loss_overfit_patience_3,0.5859001690803499,0.5611777221934511,0.5896312442286616,0.58075975061621,0.5544382920148939,0.5642314047774888,1.572148490835119,0.5611777221934511
/home/cmantill/narrador-futbol/experiments/positions/grid_search_outputs/20260427_002133/runs/run_108_refine_run290_third_val_best_balance_h256_objh256_te128_fu256_obj1_ff2_blocks3_drop0p27_ls0p1_lr0p0001_wd0p0015,/home/cmantill/narrador-futbol/experiments/positions/grid_search_outputs/20260427_002133/runs/run_108_refine_run290_third_val_best_balance_h256_objh256_te128_fu256_obj1_ff2_blocks3_drop0p27_ls0p1_lr0p0001_wd0p0015/best_model.pt,128,256,256,256,refine_run290_third_val_best_balance,1,2,3,0.27,0.1,0.0001,0.0015,512,True,4,early_stopping_val_loss_overfit_patience_3,0.5859001690803499,0.5611777221934511,0.5896312442286616,0.58075975061621,0.5544382920148939,0.5642314047774888,1.5721300840377808,0.5611777221934511
/home/cmantill/narrador-futbol/experiments/positions/grid_search_outputs/20260427_002133/runs/run_012_refine_run120_top_val_h128_objh128_te64_fu128_obj2_ff4_blocks5_drop0p35_ls0p1_lr0p0003_wd0p002,/home/cmantill/narrador-futbol/experiments/positions/grid_search_outputs/20260427_002133/runs/run_012_refine_run120_top_val_h128_objh128_te64_fu128_obj2_ff4_blocks5_drop0p35_ls0p1_lr0p0003_wd0p002/best_model.pt,64,128,128,128,refine_run120_top_val,2,4,5,0.35,0.1,0.0003,0.002,512,True,4,early_stopping_val_loss_overfit_patience_3,0.587590972579578,0.5605835233249666,0.5909379715388684,0.5537915035522691,0.5251907690470751,0.5385745343326265,1.572353062806306,0.5605835233249666
/home/cmantill/narrador-futbol/experiments/positions/grid_search_outputs/20260427_002133/runs/run_006_refine_run120_top_val_h128_objh128_te64_fu128_obj2_ff4_blocks5_drop0p35_ls0p1_lr0p0003_wd0p0015,/home/cmantill/narrador-futbol/experiments/positions/grid_search_outputs/20260427_002133/runs/run_006_refine_run120_top_val_h128_objh128_te64_fu128_obj2_ff4_blocks5_drop0p35_ls0p1_lr0p0003_wd0p0015/best_model.pt,64,128,128,128,refine_run120_top_val,2,4,5,0.35,0.1,0.0003,0.0015,512,True,4,early_stopping_val_loss_overfit_patience_3,0.5874439461883408,0.5604161808152764,0.5907686463624298,0.5537915035522691,0.525158723064555,0.538569892821188,1.5723559988869562,0.5604161808152764
/home/cmantill/narrador-futbol/experiments/positions/grid_search_outputs/20260427_002133/runs/run_011_refine_run120_top_val_h128_objh128_te64_fu128_obj2_ff4_blocks5_drop0p35_ls0p05_lr0p0003_wd0p002,/home/cmantill/narrador-futbol/experiments/positions/grid_search_outputs/20260427_002133/runs/run_011_refine_run120_top_val_h128_objh128_te64_fu128_obj2_ff4_blocks5_drop0p35_ls0p05_lr0p0003_wd0p002/best_model.pt,64,128,128,128,refine_run120_top_val,2,4,5,0.35,0.05,0.0003,0.002,512,True,4,early_stopping_val_loss_overfit_patience_3,0.5878115121664339,0.5599124355729596,0.5913495689720452,0.5498767580107293,0.5209023455663331,0.5366664522622369,1.4902093829932037,0.5599124355729596
/home/cmantill/narrador-futbol/experiments/positions/grid_search_outputs/20260427_002133/runs/run_005_refine_run120_top_val_h128_objh128_te64_fu128_obj2_ff4_blocks5_drop0p35_ls0p05_lr0p0003_wd0p0015,/home/cmantill/narrador-futbol/experiments/positions/grid_search_outputs/20260427_002133/runs/run_005_refine_run120_top_val_h128_objh128_te64_fu128_obj2_ff4_blocks5_drop0p35_ls0p05_lr0p0003_wd0p0015/best_model.pt,64,128,128,128,refine_run120_top_val,2,4,5,0.35,0.05,0.0003,0.0015,512,True,4,early_stopping_val_loss_overfit_patience_3,0.5878115121664339,0.5599124355729596,0.5913495689720452,0.549804262722923,0.5208106596923264,0.5366073348813734,1.4902138511339824,0.5599124355729596
/home/cmantill/narrador-futbol/experiments/positions/grid_search_outputs/20260427_002133/runs/run_004_refine_run120_top_val_h128_objh128_te64_fu128_obj2_ff4_blocks5_drop0p33_ls0p1_lr0p0003_wd0p0015,/home/cmantill/narrador-futbol/experiments/positions/grid_search_outputs/20260427_002133/runs/run_004_refine_run120_top_val_h128_objh128_te64_fu128_obj2_ff4_blocks5_drop0p33_ls0p1_lr0p0003_wd0p0015/best_model.pt,64,128,128,128,refine_run120_top_val,2,4,5,0.33,0.1,0.0003,0.0015,512,True,4,early_stopping_val_loss_overfit_patience_3,0.5835477468205543,0.559280851235453,0.5900513712607409,0.5251558648687835,0.49567658996020564,0.5139678123729258,1.582215428352356,0.559280851235453
/home/cmantill/narrador-futbol/experiments/positions/grid_search_outputs/20260427_002133/runs/run_010_refine_run120_top_val_h128_objh128_te64_fu128_obj2_ff4_blocks5_drop0p33_ls0p1_lr0p0003_wd0p002,/home/cmantill/narrador-futbol/experiments/positions/grid_search_outputs/20260427_002133/runs/run_010_refine_run120_top_val_h128_objh128_te64_fu128_obj2_ff4_blocks5_drop0p33_ls0p1_lr0p0003_wd0p002/best_model.pt,64,128,128,128,refine_run120_top_val,2,4,5,0.33,0.1,0.0003,0.002,512,True,4,early_stopping_val_loss_overfit_patience_3,0.5835477468205543,0.559280851235453,0.5900513712607409,0.5251558648687835,0.49567658996020564,0.5139678123729258,1.5822058033060145,0.559280851235453
/home/cmantill/narrador-futbol/experiments/positions/grid_search_outputs/20260427_002133/runs/run_061_refine_run342_second_val_h256_objh256_te128_fu256_obj1_ff2_blocks5_drop0p27_ls0p05_lr0p0001_wd0p0015,/home/cmantill/narrador-futbol/experiments/positions/grid_search_outputs/20260427_002133/runs/run_061_refine_run342_second_val_h256_objh256_te128_fu256_obj1_ff2_blocks5_drop0p27_ls0p05_lr0p0001_wd0p0015/best_model.pt,128,256,256,256,refine_run342_second_val,1,2,5,0.27,0.05,0.0001,0.0015,512,True,3,early_stopping_val_loss_overfit_patience_3,0.5725207674777623,0.559130251673402,0.577680766313598,0.559228650137741,0.5319010233546609,0.5433790194185747,1.5378701289494832,0.559130251673402
/home/cmantill/narrador-futbol/experiments/positions/grid_search_outputs/20260427_002133/runs/run_067_refine_run342_second_val_h256_objh256_te128_fu256_obj1_ff2_blocks5_drop0p27_ls0p05_lr0p0001_wd0p002,/home/cmantill/narrador-futbol/experiments/positions/grid_search_outputs/20260427_002133/runs/run_067_refine_run342_second_val_h256_objh256_te128_fu256_obj1_ff2_blocks5_drop0p27_ls0p05_lr0p0001_wd0p002/best_model.pt,128,256,256,256,refine_run342_second_val,1,2,5,0.27,0.05,0.0001,0.002,512,True,3,early_stopping_val_loss_overfit_patience_3,0.5725207674777623,0.559130251673402,0.577680766313598,0.559228650137741,0.5319010233546609,0.5433790194185747,1.5378701289494832,0.559130251673402
/home/cmantill/narrador-futbol/experiments/positions/grid_search_outputs/20260427_002133/runs/run_063_refine_run342_second_val_h256_objh256_te128_fu256_obj1_ff2_blocks5_drop0p33_ls0p05_lr0p0001_wd0p0015,/home/cmantill/narrador-futbol/experiments/positions/grid_search_outputs/20260427_002133/runs/run_063_refine_run342_second_val_h256_objh256_te128_fu256_obj1_ff2_blocks5_drop0p33_ls0p05_lr0p0001_wd0p0015/best_model.pt,128,256,256,256,refine_run342_second_val,1,2,5,0.33,0.05,0.0001,0.0015,512,True,4,early_stopping_val_loss_overfit_patience_3,0.5689921340880688,0.5589728002615355,0.5762813629226845,0.5576337538060027,0.5326038556170078,0.5416790925523794,1.5015739136272006,0.5589728002615355
/home/cmantill/narrador-futbol/experiments/positions/grid_search_outputs/20260427_002133/runs/run_069_refine_run342_second_val_h256_objh256_te128_fu256_obj1_ff2_blocks5_drop0p33_ls0p05_lr0p0001_wd0p002,/home/cmantill/narrador-futbol/experiments/positions/grid_search_outputs/20260427_002133/runs/run_069_refine_run342_second_val_h256_objh256_te128_fu256_obj1_ff2_blocks5_drop0p33_ls0p05_lr0p0001_wd0p002/best_model.pt,128,256,256,256,refine_run342_second_val,1,2,5,0.33,0.05,0.0001,0.002,512,True,4,early_stopping_val_loss_overfit_patience_3,0.5689921340880688,0.5589728002615355,0.5762813629226845,0.5576337538060027,0.5326038556170078,0.5416790925523794,1.5015739136272006,0.5589728002615355
/home/cmantill/narrador-futbol/experiments/positions/grid_search_outputs/20260427_002133/runs/run_062_refine_run342_second_val_h256_objh256_te128_fu256_obj1_ff2_blocks5_drop0p27_ls0p1_lr0p0001_wd0p0015,/home/cmantill/narrador-futbol/experiments/positions/grid_search_outputs/20260427_002133/runs/run_062_refine_run342_second_val_h256_objh256_te128_fu256_obj1_ff2_blocks5_drop0p27_ls0p1_lr0p0001_wd0p0015/best_model.pt,128,256,256,256,refine_run342_second_val,1,2,5,0.27,0.1,0.0001,0.0015,512,True,3,early_stopping_val_loss_overfit_patience_3,0.5689921340880688,0.5551222845097873,0.5734843212414779,0.5588661736987096,0.5309608574320257,0.5428942937255987,1.6268614530563354,0.5551222845097873
/home/cmantill/narrador-futbol/experiments/positions/grid_search_outputs/20260427_002133/runs/run_068_refine_run342_second_val_h256_objh256_te128_fu256_obj1_ff2_blocks5_drop0p27_ls0p1_lr0p0001_wd0p002,/home/cmantill/narrador-futbol/experiments/positions/grid_search_outputs/20260427_002133/runs/run_068_refine_run342_second_val_h256_objh256_te128_fu256_obj1_ff2_blocks5_drop0p27_ls0p1_lr0p0001_wd0p002/best_model.pt,128,256,256,256,refine_run342_second_val,1,2,5,0.27,0.1,0.0001,0.002,512,True,3,early_stopping_val_loss_overfit_patience_3,0.5689921340880688,0.5551222845097873,0.5734843212414779,0.5588661736987096,0.5309608574320257,0.5428942937255987,1.6268614530563354,0.5551222845097873
/home/cmantill/narrador-futbol/experiments/positions/grid_search_outputs/20260427_002133/runs/run_095_refine_run290_third_val_best_balance_h256_objh256_te128_fu256_obj1_ff2_blocks3_drop0p27_ls0p05_lr0p0002_wd0p0015,/home/cmantill/narrador-futbol/experiments/positions/grid_search_outputs/20260427_002133/runs/run_095_refine_run290_third_val_best_balance_h256_objh256_te128_fu256_obj1_ff2_blocks3_drop0p27_ls0p05_lr0p0002_wd0p0015/best_model.pt,128,256,256,256,refine_run290_third_val_best_balance,1,2,3,0.27,0.05,0.0002,0.0015,512,True,4,early_stopping_val_loss_overfit_patience_3,0.570094832022348,0.5543405663857089,0.5844202482341914,0.5325503842250253,0.5024029406940982,0.5242725428540538,1.5465043010535064,0.5543405663857089
/home/cmantill/narrador-futbol/experiments/positions/grid_search_outputs/20260427_002133/runs/run_089_refine_run290_third_val_best_balance_h256_objh256_te128_fu256_obj1_ff2_blocks3_drop0p27_ls0p05_lr0p0002_wd0p00075,/home/cmantill/narrador-futbol/experiments/positions/grid_search_outputs/20260427_002133/runs/run_089_refine_run290_third_val_best_balance_h256_objh256_te128_fu256_obj1_ff2_blocks3_drop0p27_ls0p05_lr0p0002_wd0p00075/best_model.pt,128,256,256,256,refine_run290_third_val_best_balance,1,2,3,0.27,0.05,0.0002,0.00075,512,True,4,early_stopping_val_loss_overfit_patience_3,0.5700213188267294,0.5542800391385982,0.5843506848946123,0.5325503842250253,0.5024029406940982,0.5242725428540538,1.5465092107101723,0.5542800391385982
/home/cmantill/narrador-futbol/experiments/positions/grid_search_outputs/20260427_002133/runs/run_075_refine_run290_third_val_best_balance_h256_objh256_te128_fu256_obj1_ff2_blocks3_drop0p22_ls0p05_lr0p0003_wd0p00075,/home/cmantill/narrador-futbol/experiments/positions/grid_search_outputs/20260427_002133/runs/run_075_refine_run290_third_val_best_balance_h256_objh256_te128_fu256_obj1_ff2_blocks3_drop0p22_ls0p05_lr0p0003_wd0p00075/best_model.pt,128,256,256,256,refine_run290_third_val_best_balance,1,2,3,0.22,0.05,0.0003,0.00075,512,True,1,early_stopping_val_macro_f1_patience_3,0.5828126148643682,0.5542611520299453,0.5824502035637305,0.6092503987240829,0.5783380880404768,0.5900679931987785,1.5265757264914337,0.5542611520299453
/home/cmantill/narrador-futbol/experiments/positions/grid_search_outputs/20260427_002133/runs/run_081_refine_run290_third_val_best_balance_h256_objh256_te128_fu256_obj1_ff2_blocks3_drop0p22_ls0p05_lr0p0003_wd0p0015,/home/cmantill/narrador-futbol/experiments/positions/grid_search_outputs/20260427_002133/runs/run_081_refine_run290_third_val_best_balance_h256_objh256_te128_fu256_obj1_ff2_blocks3_drop0p22_ls0p05_lr0p0003_wd0p0015/best_model.pt,128,256,256,256,refine_run290_third_val_best_balance,1,2,3,0.22,0.05,0.0003,0.0015,512,True,1,early_stopping_val_macro_f1_patience_3,0.5827391016687495,0.5541635852245117,0.5823893383591133,0.6092503987240829,0.5783485672893217,0.590078688608334,1.5265604831554271,0.5541635852245117
/home/cmantill/narrador-futbol/experiments/positions/grid_search_outputs/20260427_002133/runs/run_066_refine_run342_second_val_h256_objh256_te128_fu256_obj1_ff2_blocks5_drop0p35_ls0p1_lr0p0001_wd0p0015,/home/cmantill/narrador-futbol/experiments/positions/grid_search_outputs/20260427_002133/runs/run_066_refine_run342_second_val_h256_objh256_te128_fu256_obj1_ff2_blocks5_drop0p35_ls0p1_lr0p0001_wd0p0015/best_model.pt,128,256,256,256,refine_run342_second_val,1,2,5,0.35,0.1,0.0001,0.0015,512,True,4,early_stopping_val_loss_overfit_patience_3,0.5650959347202823,0.5533785823274737,0.5692664845622973,0.5716978396404234,0.5472699704664173,0.556540455639396,1.595547949826276,0.5533785823274737
/home/cmantill/narrador-futbol/experiments/positions/grid_search_outputs/20260427_002133/runs/run_072_refine_run342_second_val_h256_objh256_te128_fu256_obj1_ff2_blocks5_drop0p35_ls0p1_lr0p0001_wd0p002,/home/cmantill/narrador-futbol/experiments/positions/grid_search_outputs/20260427_002133/runs/run_072_refine_run342_second_val_h256_objh256_te128_fu256_obj1_ff2_blocks5_drop0p35_ls0p1_lr0p0001_wd0p002/best_model.pt,128,256,256,256,refine_run342_second_val,1,2,5,0.35,0.1,0.0001,0.002,512,True,4,early_stopping_val_loss_overfit_patience_3,0.5650959347202823,0.5533785823274737,0.5692664845622973,0.5716978396404234,0.5472699704664173,0.556540455639396,1.595547949826276,0.5533785823274737
/home/cmantill/narrador-futbol/experiments/positions/grid_search_outputs/20260427_002133/runs/run_086_refine_run290_third_val_best_balance_h256_objh256_te128_fu256_obj1_ff2_blocks3_drop0p18_ls0p1_lr0p0002_wd0p00075,/home/cmantill/narrador-futbol/experiments/positions/grid_search_outputs/20260427_002133/runs/run_086_refine_run290_third_val_best_balance_h256_objh256_te128_fu256_obj1_ff2_blocks3_drop0p18_ls0p1_lr0p0002_wd0p00075/best_model.pt,128,256,256,256,refine_run290_third_val_best_balance,1,2,3,0.18,0.1,0.0002,0.00075,512,True,4,early_stopping_val_loss_overfit_patience_3,0.567815922958171,0.5520795963220196,0.5800545589000018,0.5466144700594462,0.5172963506587974,0.5338754893500139,1.6527452910387959,0.5520795963220196
/home/cmantill/narrador-futbol/experiments/positions/grid_search_outputs/20260427_002133/runs/run_092_refine_run290_third_val_best_balance_h256_objh256_te128_fu256_obj1_ff2_blocks3_drop0p18_ls0p1_lr0p0002_wd0p0015,/home/cmantill/narrador-futbol/experiments/positions/grid_search_outputs/20260427_002133/runs/run_092_refine_run290_third_val_best_balance_h256_objh256_te128_fu256_obj1_ff2_blocks3_drop0p18_ls0p1_lr0p0002_wd0p0015/best_model.pt,128,256,256,256,refine_run290_third_val_best_balance,1,2,3,0.18,0.1,0.0002,0.0015,512,True,4,early_stopping_val_loss_overfit_patience_3,0.5677424097625524,0.5520014595938103,0.5799762797885035,0.5466144700594462,0.517308557456202,0.5338785489439765,1.65273912747701,0.5520014595938103
/home/cmantill/narrador-futbol/experiments/positions/grid_search_outputs/20260427_002133/runs/run_097_refine_run290_third_val_best_balance_h256_objh256_te128_fu256_obj1_ff2_blocks3_drop0p18_ls0p05_lr0p0001_wd0p00075,/home/cmantill/narrador-futbol/experiments/positions/grid_search_outputs/20260427_002133/runs/run_097_refine_run290_third_val_best_balance_h256_objh256_te128_fu256_obj1_ff2_blocks3_drop0p18_ls0p05_lr0p0001_wd0p00075/best_model.pt,128,256,256,256,refine_run290_third_val_best_balance,1,2,3,0.18,0.05,0.0001,0.00075,512,True,2,early_stopping_val_loss_overfit_patience_3,0.5806072189958097,0.5518511793022435,0.5817216953586187,0.589459185152965,0.5586832800479651,0.5709789200506908,1.515739138479586,0.5518511793022435
/home/cmantill/narrador-futbol/experiments/positions/grid_search_outputs/20260427_002133/runs/run_103_refine_run290_third_val_best_balance_h256_objh256_te128_fu256_obj1_ff2_blocks3_drop0p18_ls0p05_lr0p0001_wd0p0015,/home/cmantill/narrador-futbol/experiments/positions/grid_search_outputs/20260427_002133/runs/run_103_refine_run290_third_val_best_balance_h256_objh256_te128_fu256_obj1_ff2_blocks3_drop0p18_ls0p05_lr0p0001_wd0p0015/best_model.pt,128,256,256,256,refine_run290_third_val_best_balance,1,2,3,0.18,0.05,0.0001,0.0015,512,True,2,early_stopping_val_loss_overfit_patience_3,0.5806072189958097,0.5518511793022435,0.5817216953586187,0.589459185152965,0.5586832800479651,0.5709789200506908,1.5157382797311854,0.5518511793022435
/home/cmantill/narrador-futbol/experiments/positions/grid_search_outputs/20260427_002133/runs/run_096_refine_run290_third_val_best_balance_h256_objh256_te128_fu256_obj1_ff2_blocks3_drop0p27_ls0p1_lr0p0002_wd0p0015,/home/cmantill/narrador-futbol/experiments/positions/grid_search_outputs/20260427_002133/runs/run_096_refine_run290_third_val_best_balance_h256_objh256_te128_fu256_obj1_ff2_blocks3_drop0p27_ls0p1_lr0p0002_wd0p0015/best_model.pt,128,256,256,256,refine_run290_third_val_best_balance,1,2,3,0.27,0.1,0.0002,0.0015,512,True,4,early_stopping_val_loss_overfit_patience_3,0.5704623980004411,0.5514592818754989,0.5816562805348007,0.5198637088589242,0.4905614381929891,0.5124782628591062,1.6243693916885942,0.5514592818754989
/home/cmantill/narrador-futbol/experiments/positions/grid_search_outputs/20260427_002133/runs/run_090_refine_run290_third_val_best_balance_h256_objh256_te128_fu256_obj1_ff2_blocks3_drop0p27_ls0p1_lr0p0002_wd0p00075,/home/cmantill/narrador-futbol/experiments/positions/grid_search_outputs/20260427_002133/runs/run_090_refine_run290_third_val_best_balance_h256_objh256_te128_fu256_obj1_ff2_blocks3_drop0p27_ls0p1_lr0p0002_wd0p00075/best_model.pt,128,256,256,256,refine_run290_third_val_best_balance,1,2,3,0.27,0.1,0.0002,0.00075,512,True,4,early_stopping_val_loss_overfit_patience_3,0.5703888848048224,0.5513167899050546,0.5815684582303485,0.5198637088589242,0.4905614381929891,0.5124782628591062,1.6243736037501582,0.5513167899050546
/home/cmantill/narrador-futbol/experiments/positions/grid_search_outputs/20260427_002133/runs/run_064_refine_run342_second_val_h256_objh256_te128_fu256_obj1_ff2_blocks5_drop0p33_ls0p1_lr0p0001_wd0p0015,/home/cmantill/narrador-futbol/experiments/positions/grid_search_outputs/20260427_002133/runs/run_064_refine_run342_second_val_h256_objh256_te128_fu256_obj1_ff2_blocks5_drop0p33_ls0p1_lr0p0001_wd0p0015/best_model.pt,128,256,256,256,refine_run342_second_val,1,2,5,0.33,0.1,0.0001,0.0015,512,True,4,early_stopping_val_loss_overfit_patience_3,0.5612732485481143,0.550637624687833,0.5671897495811524,0.5579237349572278,0.533157035669852,0.5424155828379317,1.5956653974674366,0.550637624687833
/home/cmantill/narrador-futbol/experiments/positions/grid_search_outputs/20260427_002133/runs/run_070_refine_run342_second_val_h256_objh256_te128_fu256_obj1_ff2_blocks5_drop0p33_ls0p1_lr0p0001_wd0p002,/home/cmantill/narrador-futbol/experiments/positions/grid_search_outputs/20260427_002133/runs/run_070_refine_run342_second_val_h256_objh256_te128_fu256_obj1_ff2_blocks5_drop0p33_ls0p1_lr0p0001_wd0p002/best_model.pt,128,256,256,256,refine_run342_second_val,1,2,5,0.33,0.1,0.0001,0.002,512,True,4,early_stopping_val_loss_overfit_patience_3,0.5612732485481143,0.550637624687833,0.5671897495811524,0.5579237349572278,0.533157035669852,0.5424155828379317,1.5956653974674366,0.550637624687833
/home/cmantill/narrador-futbol/experiments/positions/grid_search_outputs/20260427_002133/runs/run_088_refine_run290_third_val_best_balance_h256_objh256_te128_fu256_obj1_ff2_blocks3_drop0p22_ls0p1_lr0p0002_wd0p00075,/home/cmantill/narrador-futbol/experiments/positions/grid_search_outputs/20260427_002133/runs/run_088_refine_run290_third_val_best_balance_h256_objh256_te128_fu256_obj1_ff2_blocks3_drop0p22_ls0p1_lr0p0002_wd0p00075/best_model.pt,128,256,256,256,refine_run290_third_val_best_balance,1,2,3,0.22,0.1,0.0002,0.00075,512,True,4,early_stopping_val_loss_overfit_patience_3,0.5656105270896126,0.5498547560379499,0.5789144431925873,0.5274032187907786,0.49439494288816355,0.5229246613496231,1.6438164137027882,0.5498547560379499
/home/cmantill/narrador-futbol/experiments/positions/grid_search_outputs/20260427_002133/runs/run_094_refine_run290_third_val_best_balance_h256_objh256_te128_fu256_obj1_ff2_blocks3_drop0p22_ls0p1_lr0p0002_wd0p0015,/home/cmantill/narrador-futbol/experiments/positions/grid_search_outputs/20260427_002133/runs/run_094_refine_run290_third_val_best_balance_h256_objh256_te128_fu256_obj1_ff2_blocks3_drop0p22_ls0p1_lr0p0002_wd0p0015/best_model.pt,128,256,256,256,refine_run290_third_val_best_balance,1,2,3,0.22,0.1,0.0002,0.0015,512,True,4,early_stopping_val_loss_overfit_patience_3,0.5656105270896126,0.5498547560379499,0.5789144431925873,0.5274032187907786,0.49439494288816355,0.5229246613496231,1.6438110846060294,0.5498547560379499
/home/cmantill/narrador-futbol/experiments/positions/grid_search_outputs/20260427_002133/runs/run_106_refine_run290_third_val_best_balance_h256_objh256_te128_fu256_obj1_ff2_blocks3_drop0p22_ls0p1_lr0p0001_wd0p0015,/home/cmantill/narrador-futbol/experiments/positions/grid_search_outputs/20260427_002133/runs/run_106_refine_run290_third_val_best_balance_h256_objh256_te128_fu256_obj1_ff2_blocks3_drop0p22_ls0p1_lr0p0001_wd0p0015/best_model.pt,128,256,256,256,refine_run290_third_val_best_balance,1,2,3,0.22,0.1,0.0001,0.0015,512,True,4,early_stopping_val_loss_overfit_patience_3,0.572961846651474,0.5497611318836746,0.5811300253132937,0.5732202406843555,0.5507473108588338,0.559539741428999,1.5854010670273393,0.5497611318836746
/home/cmantill/narrador-futbol/experiments/positions/grid_search_outputs/20260427_002133/runs/run_100_refine_run290_third_val_best_balance_h256_objh256_te128_fu256_obj1_ff2_blocks3_drop0p22_ls0p1_lr0p0001_wd0p00075,/home/cmantill/narrador-futbol/experiments/positions/grid_search_outputs/20260427_002133/runs/run_100_refine_run290_third_val_best_balance_h256_objh256_te128_fu256_obj1_ff2_blocks3_drop0p22_ls0p1_lr0p0001_wd0p00075/best_model.pt,128,256,256,256,refine_run290_third_val_best_balance,1,2,3,0.22,0.1,0.0001,0.00075,512,True,4,early_stopping_val_loss_overfit_patience_3,0.572961846651474,0.5497611318836746,0.5811300253132937,0.5731477453965492,0.5506791144556615,0.5594520153446364,1.5854014511461612,0.5497611318836746
/home/cmantill/narrador-futbol/experiments/positions/grid_search_outputs/20260427_002133/runs/run_099_refine_run290_third_val_best_balance_h256_objh256_te128_fu256_obj1_ff2_blocks3_drop0p22_ls0p05_lr0p0001_wd0p00075,/home/cmantill/narrador-futbol/experiments/positions/grid_search_outputs/20260427_002133/runs/run_099_refine_run290_third_val_best_balance_h256_objh256_te128_fu256_obj1_ff2_blocks3_drop0p22_ls0p05_lr0p0001_wd0p00075/best_model.pt,128,256,256,256,refine_run290_third_val_best_balance,1,2,3,0.22,0.05,0.0001,0.00075,512,True,4,early_stopping_val_loss_overfit_patience_3,0.5704623980004411,0.547642624973131,0.5785102551906288,0.5715528490648107,0.5472249653295177,0.5568519672519734,1.516200997211315,0.547642624973131
/home/cmantill/narrador-futbol/experiments/positions/grid_search_outputs/20260427_002133/runs/run_105_refine_run290_third_val_best_balance_h256_objh256_te128_fu256_obj1_ff2_blocks3_drop0p22_ls0p05_lr0p0001_wd0p0015,/home/cmantill/narrador-futbol/experiments/positions/grid_search_outputs/20260427_002133/runs/run_105_refine_run290_third_val_best_balance_h256_objh256_te128_fu256_obj1_ff2_blocks3_drop0p22_ls0p05_lr0p0001_wd0p0015/best_model.pt,128,256,256,256,refine_run290_third_val_best_balance,1,2,3,0.22,0.05,0.0001,0.0015,512,True,4,early_stopping_val_loss_overfit_patience_3,0.5704623980004411,0.547642624973131,0.5785102551906288,0.5714803537770045,0.5471478656279962,0.5567649819424951,1.5162005225817363,0.547642624973131
/home/cmantill/narrador-futbol/experiments/positions/grid_search_outputs/20260427_002133/runs/run_085_refine_run290_third_val_best_balance_h256_objh256_te128_fu256_obj1_ff2_blocks3_drop0p18_ls0p05_lr0p0002_wd0p00075,/home/cmantill/narrador-futbol/experiments/positions/grid_search_outputs/20260427_002133/runs/run_085_refine_run290_third_val_best_balance_h256_objh256_te128_fu256_obj1_ff2_blocks3_drop0p18_ls0p05_lr0p0002_wd0p00075/best_model.pt,128,256,256,256,refine_run290_third_val_best_balance,1,2,3,0.18,0.05,0.0002,0.00075,512,True,1,early_stopping_val_macro_f1_patience_3,0.5676688965669338,0.5469885041778825,0.5733038539058847,0.5980861244019139,0.5634910043312128,0.5766060209640509,1.578361497984992,0.5469885041778825
/home/cmantill/narrador-futbol/experiments/positions/grid_search_outputs/20260427_002133/runs/run_091_refine_run290_third_val_best_balance_h256_objh256_te128_fu256_obj1_ff2_blocks3_drop0p18_ls0p05_lr0p0002_wd0p0015,/home/cmantill/narrador-futbol/experiments/positions/grid_search_outputs/20260427_002133/runs/run_091_refine_run290_third_val_best_balance_h256_objh256_te128_fu256_obj1_ff2_blocks3_drop0p18_ls0p05_lr0p0002_wd0p0015/best_model.pt,128,256,256,256,refine_run290_third_val_best_balance,1,2,3,0.18,0.05,0.0002,0.0015,512,True,1,early_stopping_val_macro_f1_patience_3,0.5675953833713151,0.5469329832118975,0.5732534126787158,0.5980861244019139,0.5634910043312128,0.5766060209640509,1.5783532372227422,0.5469329832118975
/home/cmantill/narrador-futbol/experiments/positions/grid_search_outputs/20260427_002133/runs/run_104_refine_run290_third_val_best_balance_h256_objh256_te128_fu256_obj1_ff2_blocks3_drop0p18_ls0p1_lr0p0001_wd0p0015,/home/cmantill/narrador-futbol/experiments/positions/grid_search_outputs/20260427_002133/runs/run_104_refine_run290_third_val_best_balance_h256_objh256_te128_fu256_obj1_ff2_blocks3_drop0p18_ls0p1_lr0p0001_wd0p0015/best_model.pt,128,256,256,256,refine_run290_third_val_best_balance,1,2,3,0.18,0.1,0.0001,0.0015,512,True,4,early_stopping_val_loss_overfit_patience_3,0.567815922958171,0.5468934298213646,0.5806242730788743,0.5600985935914166,0.5376098406931498,0.5517445887891683,1.5851169647993866,0.5468934298213646
/home/cmantill/narrador-futbol/experiments/positions/grid_search_outputs/20260427_002133/runs/run_098_refine_run290_third_val_best_balance_h256_objh256_te128_fu256_obj1_ff2_blocks3_drop0p18_ls0p1_lr0p0001_wd0p00075,/home/cmantill/narrador-futbol/experiments/positions/grid_search_outputs/20260427_002133/runs/run_098_refine_run290_third_val_best_balance_h256_objh256_te128_fu256_obj1_ff2_blocks3_drop0p18_ls0p1_lr0p0001_wd0p00075/best_model.pt,128,256,256,256,refine_run290_third_val_best_balance,1,2,3,0.18,0.1,0.0001,0.00075,512,True,4,early_stopping_val_loss_overfit_patience_3,0.5677424097625524,0.5468324063162556,0.5805541657563535,0.5600985935914166,0.5376098406931498,0.5517445887891683,1.5851186293142814,0.5468324063162556
/home/cmantill/narrador-futbol/experiments/positions/grid_search_outputs/20260427_002133/runs/run_093_refine_run290_third_val_best_balance_h256_objh256_te128_fu256_obj1_ff2_blocks3_drop0p22_ls0p05_lr0p0002_wd0p0015,/home/cmantill/narrador-futbol/experiments/positions/grid_search_outputs/20260427_002133/runs/run_093_refine_run290_third_val_best_balance_h256_objh256_te128_fu256_obj1_ff2_blocks3_drop0p22_ls0p05_lr0p0002_wd0p0015/best_model.pt,128,256,256,256,refine_run290_third_val_best_balance,1,2,3,0.22,0.05,0.0002,0.0015,512,True,4,early_stopping_val_loss_overfit_patience_3,0.5631110784385798,0.5447477946095187,0.5763395905075305,0.5358851674641149,0.5042766248483089,0.529849348212932,1.5653148381798356,0.5447477946095187
/home/cmantill/narrador-futbol/experiments/positions/grid_search_outputs/20260427_002133/runs/run_087_refine_run290_third_val_best_balance_h256_objh256_te128_fu256_obj1_ff2_blocks3_drop0p22_ls0p05_lr0p0002_wd0p00075,/home/cmantill/narrador-futbol/experiments/positions/grid_search_outputs/20260427_002133/runs/run_087_refine_run290_third_val_best_balance_h256_objh256_te128_fu256_obj1_ff2_blocks3_drop0p22_ls0p05_lr0p0002_wd0p00075/best_model.pt,128,256,256,256,refine_run290_third_val_best_balance,1,2,3,0.22,0.05,0.0002,0.00075,512,True,4,early_stopping_val_loss_overfit_patience_3,0.5630375652429611,0.5445824392631557,0.5762290328661296,0.5358851674641149,0.5042695215598623,0.5298508557108249,1.5653212953496862,0.5445824392631557
/home/cmantill/narrador-futbol/experiments/positions/grid_search_outputs/20260427_002133/runs/run_025_refine_run120_top_val_h128_objh128_te64_fu128_obj2_ff4_blocks5_drop0p27_ls0p05_lr0p0001_wd0p0015,/home/cmantill/narrador-futbol/experiments/positions/grid_search_outputs/20260427_002133/runs/run_025_refine_run120_top_val_h128_objh128_te64_fu128_obj2_ff4_blocks5_drop0p27_ls0p05_lr0p0001_wd0p0015/best_model.pt,64,128,128,128,refine_run120_top_val,2,4,5,0.27,0.05,0.0001,0.0015,512,True,4,early_stopping_val_loss_overfit_patience_3,0.57105050356539,0.544087034215011,0.5751047744126729,0.5639408438451501,0.5326945141122507,0.5418027260670606,1.459225524354864,0.544087034215011
/home/cmantill/narrador-futbol/experiments/positions/grid_search_outputs/20260427_002133/runs/run_031_refine_run120_top_val_h128_objh128_te64_fu128_obj2_ff4_blocks5_drop0p27_ls0p05_lr0p0001_wd0p002,/home/cmantill/narrador-futbol/experiments/positions/grid_search_outputs/20260427_002133/runs/run_031_refine_run120_top_val_h128_objh128_te64_fu128_obj2_ff4_blocks5_drop0p27_ls0p05_lr0p0001_wd0p002/best_model.pt,64,128,128,128,refine_run120_top_val,2,4,5,0.27,0.05,0.0001,0.002,512,True,4,early_stopping_val_loss_overfit_patience_3,0.57105050356539,0.544087034215011,0.5751047744126729,0.5639408438451501,0.5326945141122507,0.5418027260670606,1.459225524354864,0.544087034215011
/home/cmantill/narrador-futbol/experiments/positions/grid_search_outputs/20260427_002133/runs/run_026_refine_run120_top_val_h128_objh128_te64_fu128_obj2_ff4_blocks5_drop0p27_ls0p1_lr0p0001_wd0p0015,/home/cmantill/narrador-futbol/experiments/positions/grid_search_outputs/20260427_002133/runs/run_026_refine_run120_top_val_h128_objh128_te64_fu128_obj2_ff4_blocks5_drop0p27_ls0p1_lr0p0001_wd0p0015/best_model.pt,64,128,128,128,refine_run120_top_val,2,4,5,0.27,0.1,0.0001,0.0015,512,True,4,early_stopping_val_loss_overfit_patience_3,0.5698742924354921,0.5438766182896934,0.5745713016145728,0.5626359286646369,0.5327615361065493,0.54061544374202,1.5444800986184015,0.5438766182896934
/home/cmantill/narrador-futbol/experiments/positions/grid_search_outputs/20260427_002133/runs/run_032_refine_run120_top_val_h128_objh128_te64_fu128_obj2_ff4_blocks5_drop0p27_ls0p1_lr0p0001_wd0p002,/home/cmantill/narrador-futbol/experiments/positions/grid_search_outputs/20260427_002133/runs/run_032_refine_run120_top_val_h128_objh128_te64_fu128_obj2_ff4_blocks5_drop0p27_ls0p1_lr0p0001_wd0p002/best_model.pt,64,128,128,128,refine_run120_top_val,2,4,5,0.27,0.1,0.0001,0.002,512,True,4,early_stopping_val_loss_overfit_patience_3,0.5698742924354921,0.5438766182896934,0.5745713016145728,0.5626359286646369,0.5327615361065493,0.54061544374202,1.5444800986184015,0.5438766182896934
/home/cmantill/narrador-futbol/experiments/positions/grid_search_outputs/20260427_002133/runs/run_027_refine_run120_top_val_h128_objh128_te64_fu128_obj2_ff4_blocks5_drop0p33_ls0p05_lr0p0001_wd0p0015,/home/cmantill/narrador-futbol/experiments/positions/grid_search_outputs/20260427_002133/runs/run_027_refine_run120_top_val_h128_objh128_te64_fu128_obj2_ff4_blocks5_drop0p33_ls0p05_lr0p0001_wd0p0015/best_model.pt,64,128,128,128,refine_run120_top_val,2,4,5,0.33,0.05,0.0001,0.0015,512,True,5,early_stopping_val_loss_overfit_patience_3,0.5628170256561053,0.5302056257814379,0.5626781292076722,0.5743076700014499,0.5436983789488209,0.5570354830707155,1.467271672354804,0.5302056257814379
/home/cmantill/narrador-futbol/experiments/positions/grid_search_outputs/20260427_002133/runs/run_033_refine_run120_top_val_h128_objh128_te64_fu128_obj2_ff4_blocks5_drop0p33_ls0p05_lr0p0001_wd0p002,/home/cmantill/narrador-futbol/experiments/positions/grid_search_outputs/20260427_002133/runs/run_033_refine_run120_top_val_h128_objh128_te64_fu128_obj2_ff4_blocks5_drop0p33_ls0p05_lr0p0001_wd0p002/best_model.pt,64,128,128,128,refine_run120_top_val,2,4,5,0.33,0.05,0.0001,0.002,512,True,5,early_stopping_val_loss_overfit_patience_3,0.5628170256561053,0.5302056257814379,0.5626781292076722,0.5743076700014499,0.5436983789488209,0.5570354830707155,1.467271672354804,0.5302056257814379
/home/cmantill/narrador-futbol/experiments/positions/grid_search_outputs/20260427_002133/runs/run_030_refine_run120_top_val_h128_objh128_te64_fu128_obj2_ff4_blocks5_drop0p35_ls0p1_lr0p0001_wd0p0015,/home/cmantill/narrador-futbol/experiments/positions/grid_search_outputs/20260427_002133/runs/run_030_refine_run120_top_val_h128_objh128_te64_fu128_obj2_ff4_blocks5_drop0p35_ls0p1_lr0p0001_wd0p0015/best_model.pt,64,128,128,128,refine_run120_top_val,2,4,5,0.35,0.1,0.0001,0.0015,512,True,4,early_stopping_val_loss_overfit_patience_3,0.5569359700066162,0.5295295640954296,0.5623168076510369,0.5782224155429897,0.5539549282454167,0.5613118413267357,1.5601319957662512,0.5295295640954296
/home/cmantill/narrador-futbol/experiments/positions/grid_search_outputs/20260427_002133/runs/run_036_refine_run120_top_val_h128_objh128_te64_fu128_obj2_ff4_blocks5_drop0p35_ls0p1_lr0p0001_wd0p002,/home/cmantill/narrador-futbol/experiments/positions/grid_search_outputs/20260427_002133/runs/run_036_refine_run120_top_val_h128_objh128_te64_fu128_obj2_ff4_blocks5_drop0p35_ls0p1_lr0p0001_wd0p002/best_model.pt,64,128,128,128,refine_run120_top_val,2,4,5,0.35,0.1,0.0001,0.002,512,True,4,early_stopping_val_loss_overfit_patience_3,0.5569359700066162,0.5295295640954296,0.5623168076510369,0.5782224155429897,0.5539549282454167,0.5613118413267357,1.5601319957662512,0.5295295640954296
/home/cmantill/narrador-futbol/experiments/positions/grid_search_outputs/20260427_002133/runs/run_029_refine_run120_top_val_h128_objh128_te64_fu128_obj2_ff4_blocks5_drop0p35_ls0p05_lr0p0001_wd0p0015,/home/cmantill/narrador-futbol/experiments/positions/grid_search_outputs/20260427_002133/runs/run_029_refine_run120_top_val_h128_objh128_te64_fu128_obj2_ff4_blocks5_drop0p35_ls0p05_lr0p0001_wd0p0015/best_model.pt,64,128,128,128,refine_run120_top_val,2,4,5,0.35,0.05,0.0001,0.0015,512,True,4,early_stopping_val_loss_overfit_patience_3,0.5578916415496582,0.5287000648476117,0.5625317215558875,0.5810497317674351,0.5561832438213297,0.5647571379612802,1.4868900157787182,0.5287000648476117
/home/cmantill/narrador-futbol/experiments/positions/grid_search_outputs/20260427_002133/runs/run_035_refine_run120_top_val_h128_objh128_te64_fu128_obj2_ff4_blocks5_drop0p35_ls0p05_lr0p0001_wd0p002,/home/cmantill/narrador-futbol/experiments/positions/grid_search_outputs/20260427_002133/runs/run_035_refine_run120_top_val_h128_objh128_te64_fu128_obj2_ff4_blocks5_drop0p35_ls0p05_lr0p0001_wd0p002/best_model.pt,64,128,128,128,refine_run120_top_val,2,4,5,0.35,0.05,0.0001,0.002,512,True,4,early_stopping_val_loss_overfit_patience_3,0.5578916415496582,0.5287000648476117,0.5625317215558875,0.5810497317674351,0.5561832438213297,0.5647571379612802,1.4868900157787182,0.5287000648476117
/home/cmantill/narrador-futbol/experiments/positions/grid_search_outputs/20260427_002133/runs/run_028_refine_run120_top_val_h128_objh128_te64_fu128_obj2_ff4_blocks5_drop0p33_ls0p1_lr0p0001_wd0p0015,/home/cmantill/narrador-futbol/experiments/positions/grid_search_outputs/20260427_002133/runs/run_028_refine_run120_top_val_h128_objh128_te64_fu128_obj2_ff4_blocks5_drop0p33_ls0p1_lr0p0001_wd0p0015/best_model.pt,64,128,128,128,refine_run120_top_val,2,4,5,0.33,0.1,0.0001,0.0015,512,True,5,early_stopping_val_loss_overfit_patience_3,0.5577446151584209,0.5274286639793032,0.5573763118966533,0.5761925474844135,0.5460643514764687,0.5592812555174012,1.5440691356305722,0.5274286639793032
/home/cmantill/narrador-futbol/experiments/positions/grid_search_outputs/20260427_002133/runs/run_034_refine_run120_top_val_h128_objh128_te64_fu128_obj2_ff4_blocks5_drop0p33_ls0p1_lr0p0001_wd0p002,/home/cmantill/narrador-futbol/experiments/positions/grid_search_outputs/20260427_002133/runs/run_034_refine_run120_top_val_h128_objh128_te64_fu128_obj2_ff4_blocks5_drop0p33_ls0p1_lr0p0001_wd0p002/best_model.pt,64,128,128,128,refine_run120_top_val,2,4,5,0.33,0.1,0.0001,0.002,512,True,5,early_stopping_val_loss_overfit_patience_3,0.5577446151584209,0.5274286639793032,0.5573763118966533,0.5761925474844135,0.5460643514764687,0.5592812555174012,1.5440691356305722,0.5274286639793032
